Time (s),Clean EEG Signal (µV),EOG Noise (µV),EMG Noise (µV),Composite Signal (µV)
0.0,0.0,0.0,0.0,0.0
0.001,0.3139525976465669,0.044375883748109586,1.1143875432050074,1.472716024599684
0.002,0.6266661678215213,0.08875001561231248,2.2112005291508217,2.9266167125846554
0.003,0.9369065729286232,0.13312064377786337,3.2731415618447577,4.343168778551244
0.004,1.243449435824274,0.17748601656833696,4.283463196828409,5.70439864922102
0.005,1.545084971874737,0.22184438251478117,5.226232058381193,6.993161412770712
0.006,1.84062276342339,0.26619399042486214,6.086580118373603,8.193396872221856
0.007,2.1288964578253635,0.3105330894519982,6.85093917395254,9.290368721229902
0.008,2.408768370508577,0.35485992916448056,7.507254826205555,10.270883125878612
0.009000000000000001,2.6791339748949836,0.3991727596145771,8.045176585232655,11.123483319742215
0.01,2.938926261462366,0.44346983140761714,8.456221103555094,11.838617196425078
0.011,3.1871199487434483,0.4877493957710552,8.73390596357284,12.408775308087343
0.012,3.4227355296434436,0.532009704623509,8.873851909162514,12.828597143429468
0.013000000000000001,3.644843137107058,0.5762490106437709,8.873851909162514,13.094944056913343
0.014,3.852566213878947,0.6204655673397887,8.733905963572841,13.206937744791576
0.015,4.045084971874738,0.6646576291176154,8.456221103555094,13.165963704547448
0.016,4.221639627510076,0.7088234513503205,8.045176585232653,12.97563966409305
0.017,4.381533400219319,0.7529612904468665,7.507254826205554,12.64174951687174
0.018000000000000002,4.524135262330097,0.797069403920942,6.85093917395254,12.172143840203582
0.019,4.648882429441257,0.841146050459752,6.086580118373605,11.576608598274612
0.02,4.755282581475767,0.8851894899927626,5.226232058381194,10.866704129849724
0.021,4.842915805643155,0.9291979837603955,4.283463196828408,10.05557698623196
0.022,4.911436253643443,0.9731697943826713,3.273141561844759,9.157747609870874
0.023,4.96057350657239,1.0171031859277984,2.2112005291508217,8.18887722165101
0.024,4.990133642141359,1.0609964239807048,1.114387543205006,7.165517609327069
0.025,5.0,1.1048477757115092,1.0888820937469052e-15,6.10484777571151
0.026000000000000002,4.990133642141359,1.148655509943931,-1.1143875432050077,5.024401608880282
0.027,4.96057350657239,1.1924178972236334,-2.2112005291508194,3.9417908746452044
0.028,4.911436253643443,1.2361332098864999,-3.2731415618447572,2.8744279016851864
0.029,4.842915805643155,1.2797997221268391,-4.28346319682841,1.8392523309415856
0.03,4.755282581475768,1.3234157100655168,-5.226232058381192,0.8524662331600932
0.031,4.648882429441258,1.366979451818012,-6.086580118373603,-0.07071823711433335
0.032,4.524135262330097,1.410489227562393,-6.850939173952541,-0.9163146840600499
0.033,4.381533400219317,1.4539433196072145,-7.507254826205558,-1.6717781063790258
0.034,4.221639627510075,1.4973400124593272,-8.045176585232657,-2.326196945263254
0.035,4.045084971874738,1.5406775928916052,-8.456221103555094,-2.870458538788752
0.036000000000000004,3.852566213878947,1.5839543500105782,-8.733905963572841,-3.297385399683316
0.037,3.6448431371070593,1.6271685753239769,-8.873851909162514,-3.601840196731479
0.038,3.4227355296434445,1.670318562808181,-8.873851909162514,-3.7807978167108893
0.039,3.1871199487434496,1.7134026089755685,-8.733905963572841,-3.833383405853823
0.04,2.9389262614623664,1.7564190129417694,-8.456221103555094,-3.7608758291509594
0.041,2.6791339748949836,1.7993660764928097,-8.045176585232655,-3.5666765338448605
0.042,2.4087683705085765,1.842242104152159,-7.507254826205554,-3.2562443515448183
0.043000000000000003,2.1288964578253626,1.8850454032476598,-6.850939173952537,-2.8369973128795145
0.044,1.8406227634233907,1.9277742839783545,-6.086580118373606,-2.3181830709718603
0.045,1.5450849718747377,1.970427059481197,-5.2262320583811945,-1.7107200270252596
0.046,1.243449435824274,2.013002045897642,-4.283463196828409,-1.0270117151064928
0.047,0.936906572928623,2.0554975624401273,-3.273141561844757,-0.28073742647600686
0.048,0.6266661678215205,2.0979119314584227,-2.2112005291508186,0.5133775701291244
0.049,0.31395259764656797,2.1402434785058646,-1.114387543205011,1.3398085329474212
0.05,6.123233995736766e-16,2.182490532405459,-2.1777641874938103e-15,2.182490532405457
0.051000000000000004,-0.31395259764656674,2.224651425315856,1.1143875432050068,3.025086370874296
0.052000000000000005,-0.6266661678215214,2.266724492797196,2.211200529150822,3.8512588541264967
0.053,-0.9369065729286217,2.308708073876813,3.2731415618447524,4.644943062792944
0.054,-1.2434494358242731,2.350600511114815,4.283463196828405,5.390614272118948
0.055,-1.5450849718747364,2.3924001506695114,5.226232058381191,6.0735472371759665
0.056,-1.8406227634233898,2.434105342362705,6.086580118373602,6.680062697312917
0.057,-2.1288964578253635,2.4757144397448374,6.85093917395254,7.197757155872014
0.058,-2.408768370508577,2.517225800159991,7.507254826205556,7.61571225585697
0.059000000000000004,-2.679133974894984,2.5586377848107347,8.045176585232657,7.924680395148406
0.06,-2.9389262614623655,2.5999487588228236,8.456221103555094,8.117243600915552
0.061,-3.1871199487434483,2.64115709130974,8.73390596357284,8.187943106139132
0.062,-3.4227355296434436,2.682261155437077,8.873851909162514,8.133377534956148
0.063,-3.6448431371070567,2.723259328486764,8.873851909162514,7.952268100542222
0.064,-3.852566213878947,2.7641499919211294,8.73390596357284,7.645489741615021
0.065,-4.045084971874737,2.804931531446796,8.456221103555094,7.216067663127155
0.066,-4.2216396275100765,2.8456023370784136,8.045176585232651,6.669139294800988
0.067,-4.381533400219318,2.886160803202215,7.507254826205555,6.011882229188452
0.068,-4.524135262330099,2.926605328639405,6.850939173952534,5.253409240261839
0.069,-4.648882429441258,2.9669343167093705,6.0865801183736,4.404632005641713
0.07,-4.755282581475767,3.007146175292718,5.2262320583811945,3.4780956521981454
0.07100000000000001,-4.842915805643156,3.047239316894124,4.283463196828403,2.4877867080793705
0.07200000000000001,-4.911436253643443,3.0872121587050083,3.2731415618447577,1.4489174669063225
0.073,-4.9605735065723895,3.12706312266602,2.2112005291508274,0.3776901452444587
0.074,-4.990133642141359,3.1667906355293405,1.11438754320502,-0.7089554634069979
0.075,-5.0,3.206393128920783,3.2666462812407155e-15,-1.793606871079214
0.076,-4.990133642141359,3.245869039401721,-1.1143875432049979,-2.8586521459446357
0.077,-4.96057350657239,3.2852168085308007,-2.211200529150821,-3.8865572271924105
0.078,-4.911436253643443,3.324434882925472,-3.2731415618447515,-4.860142932562724
0.079,-4.842915805643155,3.3635217143233094,-4.283463196828412,-5.7628572881482585
0.08,-4.755282581475768,3.402475759643138,-5.22623205838119,-6.5790388802138215
0.081,-4.648882429441257,3.4412954810459464,-6.0865801183736075,-7.294167066768917
0.082,-4.524135262330097,3.4799793459956057,-6.850939173952538,-7.895095090287031
0.083,-4.381533400219317,3.518525827319363,-7.50725482620556,-8.370262399105513
0.084,-4.221639627510075,3.5569334032681397,-8.045176585232657,-8.709882809474593
0.085,-4.045084971874738,3.595200557576601,-8.456221103555093,-8.906105517853229
0.08600000000000001,-3.852566213878945,3.6333257795230183,-8.733905963572841,-8.953146397928768
0.08700000000000001,-3.644843137107058,3.671307563988911,-8.873851909162514,-8.847387482280663
0.088,-3.422735529643445,3.709144411518461,-8.873851909162514,-8.587443027287499
0.089,-3.187119948743452,3.746834828377718,-8.733905963572843,-8.174191083938576
0.09,-2.9389262614623672,3.78437732661356,-8.456221103555096,-7.6107700384039045
0.091,-2.679133974894986,3.8217704241124375,-8.045176585232658,-6.902540136015205
0.092,-2.408768370508577,3.859012644658892,-7.507254826205556,-6.05701055205524
0.093,-2.1288964578253653,3.8961025179938225,-6.850939173952544,-5.083733113784087
0.094,-1.8406227634233896,3.9330385798725387,-6.086580118373601,-3.9941643019244526
0.095,-1.5450849718747386,3.9698193721225623,-5.226232058381196,-2.8014976581333726
0.096,-1.2434494358242727,4.006443442701194,-4.2834631968284045,-1.520469189951483
0.097,-0.9369065729286234,4.042909345752838,-3.2731415618447586,-0.167138789020544
0.098,-0.6266661678215233,4.079215641666081,-2.2112005291508283,1.241348944693729
0.099,-0.3139525976465663,4.115360897130528,-1.1143875432050054,2.6870207562789563
0.1,-1.2246467991473533e-15,4.151343685193381,-4.355528374987621e-15,4.1513436851933765
0.101,0.31395259764656835,4.187162585315783,1.1143875432050125,5.615502726167363
0.10200000000000001,0.6266661678215208,4.222816183428886,2.2112005291508203,7.060682880401228
0.10300000000000001,0.9369065729286254,4.258303071989688,3.273141561844765,8.468351206763078
0.10400000000000001,1.2434494358242745,4.293621850036591,4.283463196828411,9.820534482689276
0.105,1.5450849718747361,4.328771123244711,5.226232058381188,11.100088153500636
0.106,1.840622763423387,4.363749503980929,6.086580118373594,12.29095238577791
0.107,2.128896457825363,4.398555611358668,6.850939173952538,13.378391243136567
0.108,2.4087683705085747,4.433188071292402,7.507254826205552,14.34921126800653
0.109,2.6791339748949836,4.467645516551915,8.045176585232655,15.191956076679554
0.11,2.938926261462365,4.5019265868162694,8.456221103555093,15.897073951833729
0.111,3.18711994874345,4.53602992872751,8.733905963572841,16.4570558410438
0.112,3.422735529643443,4.56995419594409,8.873851909162514,16.86654163475005
0.113,3.644843137107056,4.6036980491940325,8.873851909162516,17.122393095463607
0.114,3.852566213878947,4.637260156327784,8.73390596357284,17.22373233377957
0.115,4.045084971874736,4.670639192370824,8.456221103555096,17.17194526780066
0.116,4.2216396275100765,4.7038338395759665,8.045176585232653,16.970650052318696
0.117,4.381533400219318,4.736842787475375,7.507254826205556,16.625631013900247
0.11800000000000001,4.524135262330098,4.769664732932308,6.8509391739525345,16.144739169214944
0.11900000000000001,4.648882429441258,4.802298380192559,6.086580118373602,15.537760928007419
0.12,4.755282581475767,4.834742440935613,5.226232058381197,14.816257080792576
0.121,4.842915805643155,4.8669956343255025,4.283463196828419,13.993374636797075
0.122,4.911436253643443,4.899056687061381,3.27314156184476,13.083634502549584
0.123,4.9605735065723895,4.9309243334277815,2.2112005291508297,12.102698369151002
0.124,4.990133642141359,4.9625973153445955,1.1143875432050065,11.06711850069096
0.125,5.0,4.994074382416726,5.444410468734526e-15,9.99407438241673
0.126,4.990133642141359,5.025354291983463,-1.1143875432049957,8.901100390919826
0.127,4.96057350657239,5.056435809167538,-2.211200529150819,7.8058087865891075
0.128,4.911436253643443,5.087317706923873,-3.273141561844764,6.725612398722553
0.129,4.842915805643155,5.117998766088021,-4.283463196828409,5.677451374902767
0.13,4.755282581475768,5.148477775424301,-5.226232058381187,4.677528298518881
0.131,4.648882429441259,5.178753531673613,-6.086580118373593,3.741055842741278
0.132,4.5241352623300966,5.208824839600942,-6.850939173952548,2.88202092797849
0.133,4.381533400219317,5.238690512042539,-7.507254826205559,2.112969086056297
0.134,4.221639627510076,5.268349369952796,-8.045176585232655,1.4448124122302166
0.135,4.045084971874738,5.297800242450787,-8.456221103555093,0.8866641107704315
0.136,3.8525662138789434,5.327041966866492,-8.733905963572845,0.4457022171725903
0.137,3.6448431371070553,5.356073388786703,-8.873851909162516,0.12706461673124225
0.138,3.4227355296434423,5.38489336210059,-8.873851909162514,-0.06622301741848283
0.139,3.187119948743449,5.413500749044957,-8.733905963572841,-0.1332852657844358
0.14,2.9389262614623672,5.441894420249148,-8.456221103555096,-0.07540042184358117
0.14100000000000001,2.6791339748949783,5.470073254779645,-8.045176585232646,0.10403064444197667
0.14200000000000002,2.4087683705085734,5.498036140184308,-7.507254826205548,0.3995496844873323
0.14300000000000002,2.1288964578253617,5.525781972536302,-6.850939173952535,0.8037392564091294
0.14400000000000002,1.84062276342339,5.553309656477675,-6.086580118373602,1.3073523015274626
0.145,1.545084971874739,5.580618105262599,-5.226232058381198,1.8994710187561403
0.146,1.2434494358242776,5.607706240800276,-4.28346319682842,2.5676924797961336
0.147,0.9369065729286284,5.634572993697498,-3.2731415618447754,3.2983380047813506
0.148,0.6266661678215284,5.661217303300862,-2.2112005291508456,4.076682941971546
0.149,0.31395259764656697,5.68763811773865,-1.1143875432050074,4.887203172180209
0.15,1.8369701987210296e-15,5.713834393962346,-6.533292562481431e-15,5.71383439396234
0.151,-0.3139525976465633,5.739805097787818,1.1143875432049948,6.540240043346249
0.152,-0.626666167821516,5.765549203936151,2.2112005291508026,7.350083565265438
0.153,-0.9369065729286162,5.791065696074114,3.2731415618447337,8.127300684990232
0.154,-1.2434494358242738,5.816353566854289,4.283463196828408,8.856367327858422
0.155,-1.5450849718747355,5.841411817954836,5.2262320583811865,9.522558904461288
0.156,-1.8406227634233863,5.86623946011891,6.086580118373593,10.112196815069117
0.157,-2.1288964578253586,5.89083551319371,6.8509391739525265,10.612878229320877
0.158,-2.408768370508578,5.915199006169174,7.507254826205559,11.013685461866155
0.159,-2.6791339748949827,5.939328977216318,8.045176585232653,11.305371587553989
0.16,-2.938926261462364,5.963224473725202,8.456221103555091,11.48051931581793
0.161,-3.187119948743446,5.986884552342538,8.733905963572838,11.53367056717193
0.162,-3.422735529643446,6.010308279008937,8.873851909162516,11.461424658528008
0.163,-3.6448431371070593,6.033494728995777,8.873851909162514,11.262503501051231
0.164,-3.852566213878946,6.056442986941713,8.733905963572841,10.937782736635608
0.165,-4.045084971874736,6.079152146888816,8.456221103555096,10.490288278569178
0.166,-4.221639627510078,6.101621312318335,8.045176585232646,9.925158270040903
0.167,-4.38153340021932,6.123849596186094,7.507254826205549,9.249571022172324
0.168,-4.524135262330098,6.145836120957505,6.850939173952535,8.472640032579944
0.169,-4.648882429441257,6.1675800186422185,6.086580118373603,7.605277707574565
0.17,-4.755282581475767,6.189080430828385,5.226232058381199,6.660029907733816
0.171,-4.842915805643157,6.2103365087165425,4.283463196828393,5.650883899901778
0.17200000000000001,-4.911436253643444,6.231347413153139,3.2731415618447466,4.593052721354441
0.17300000000000001,-4.96057350657239,6.252112314663637,2.2112005291508168,3.5027393372420637
0.17400000000000002,-4.990133642141359,6.272630393485285,1.1143875432050088,2.396884294548935
0.17500000000000002,-5.0,6.29290083959946,-2.3966413267644494e-14,1.292900839599435
0.176,-4.990133642141359,6.31292285276366,-1.1143875432049934,0.20840166741730792
0.177,-4.96057350657239,6.332695642543089,-2.2112005291508017,-0.8390783931801025
0.178,-4.911436253643445,6.352218428341862,-3.2731415618447324,-1.8323593871463157
0.179,-4.842915805643156,6.371490439433825,-4.283463196828407,-2.7548885630377384
0.18,-4.755282581475769,6.390510914992978,-5.2262320583811865,-3.5910037248639783
0.181,-4.648882429441259,6.409279104123513,-6.086580118373592,-4.326183443691338
0.182,-4.5241352623301,6.427794265889462,-6.850939173952526,-4.947280170393164
0.183,-4.381533400219322,6.44605566934394,-7.50725482620554,-5.442732557080923
0.184,-4.2216396275100765,6.464062593558007,-8.045176585232653,-5.802753619184722
0.185,-4.045084971874739,6.481814327649129,-8.456221103555091,-6.019491747780702
0.186,-3.8525662138789496,6.499310170809239,-8.733905963572838,-6.087162006642548
0.187,-3.644843137107062,6.516549432332407,-8.873851909162514,-6.00214561393717
0.188,-3.4227355296434427,6.533531431642106,-8.873851909162514,-5.763056007163851
0.189,-3.187119948743449,6.550255498318083,-8.733905963572841,-5.3707704139982075
0.19,-2.9389262614623677,6.566720972122819,-8.456221103555096,-4.828426392894646
0.191,-2.679133974894987,6.5829272030276025,-8.04517658523266,-4.141383357100043
0.192,-2.4087683705085743,6.598873551238188,-7.507254826205549,-3.3171496454759355
0.193,-2.128896457825362,6.614559387220052,-6.850939173952536,-2.3652762445578466
0.194,-1.8406227634233905,6.629984091723248,-6.086580118373605,-1.2972187900737475
0.195,-1.5450849718747397,6.645147055806854,-5.2262320583812,-0.12616997444908531
0.196,-1.2434494358242782,6.66004768086301,-4.283463196828421,1.1331350482103109
0.197,-0.9369065729286203,6.6746853786405556,-3.273141561844748,2.464637243867188
0.198,-0.6266661678215201,6.689059571268245,-2.211200529150817,3.8511928742959065
0.199,-0.3139525976465676,6.703169691277562,-1.1143875432050099,5.274829550425984
0.2,-2.4492935982947065e-15,6.7170151816251344,-8.711056749975241e-15,6.717015181625123
0.201,0.3139525976465716,6.7305954957147085,1.1143875432050239,8.158935636566303
0.202,0.6266661678215241,6.743910097418737,2.2112005291508314,9.581776794391091
0.203,0.9369065729286243,6.7569584610995435,3.2731415618447612,10.96700659587293
0.20400000000000001,1.2434494358242736,6.7697400716300695,4.283463196828407,12.296652704282751
0.20500000000000002,1.5450849718747433,6.782254424414221,5.2262320583812105,13.553571454670175
0.20600000000000002,1.8406227634233943,6.7945010254067775,6.086580118373614,14.721703907203786
0.20700000000000002,2.128896457825366,6.806479391132898,6.850939173952546,15.786315022910811
0.20800000000000002,2.408768370508577,6.818189048707217,7.507254826205558,16.73421224542135
0.209,2.679133974894975,6.8296295358525025,8.045176585232639,17.553940095980117
0.21,2.9389262614623637,6.840800400917911,8.456221103555091,18.235947765935364
0.211,3.1871199487434456,6.851701202896819,8.733905963572838,18.7727271152131
0.212,3.4227355296434387,6.862331511444228,8.873851909162514,19.15891895025018
0.213,3.6448431371070527,6.872690906893757,8.873851909162516,19.391385953163326
0.214,3.852566213878946,6.882778980274215,8.733905963572841,19.469251157726003
0.215,4.045084971874736,6.892595333325737,8.456221103555096,19.393901408755568
0.216,4.221639627510073,6.902139578515514,8.04517658523266,19.168955791258245
0.217,4.381533400219316,6.9114113390530845,7.507254826205567,18.80019956547797
0.218,4.524135262330097,6.920410248905223,6.850939173952537,18.29548468518786
0.219,4.648882429441257,6.929135952810373,6.086580118373606,17.664598500625235
0.22,4.755282581475767,6.937588106292689,5.226232058381201,16.919102746149658
0.221,4.842915805643155,6.945766375675622,4.283463196828422,16.0721453781472
0.222,4.911436253643444,6.9536704380950995,3.273141561844749,15.138248253583292
0.223,4.96057350657239,6.961299981512274,2.2112005291508186,14.133074017235481
0.224,4.990133642141359,6.9686547047258305,1.1143875432050108,13.0731758900722
0.225,5.0,6.9757343173838935,9.799938843722147e-15,11.975734317383903
0.226,4.990133642141359,6.982538539995477,-1.1143875432049914,10.858284638931844
0.227,4.9605735065723895,6.9890671039415215,-2.21120052915083,9.73844008136308
0.228,4.911436253643443,6.995319751485503,-3.2731415618447603,8.633614443284186
0.229,4.842915805643156,7.0012962357836015,-4.283463196828405,7.560748844598353
0.23,4.755282581475769,7.00699632089445,-5.226232058381186,6.536046843989035
0.231,4.648882429441256,7.0124197817884495,-6.086580118373614,5.574722092856091
0.232,4.524135262330097,7.017566404356649,-6.850939173952544,4.690762492734201
0.233,4.381533400219317,7.022435985419205,-7.507254826205556,3.8967145594329664
0.234,4.2216396275100765,7.027028332733392,-8.045176585232653,3.2034913750108145
0.23500000000000001,4.045084971874734,7.031343265001201,-8.456221103555102,2.6202071333208328
0.23600000000000002,3.8525662138789434,7.035380611876498,-8.733905963572845,2.154040862182597
0.23700000000000002,3.6448431371070558,7.039140213971738,-8.873851909162516,1.8101314419162768
0.23800000000000002,3.422735529643443,7.042621922864269,-8.873851909162514,1.5915055433451983
0.23900000000000002,3.1871199487434496,7.045825601102186,-8.733905963572841,1.4990395862727943
0.24,2.938926261462368,7.048751122209756,-8.456221103555098,1.5314562801170264
0.241,2.6791339748949876,7.051398370692418,-8.04517658523266,1.6853557603547438
0.242,2.4087683705085823,7.053767242041332,-7.507254826205568,1.9552807863443469
0.243,2.128896457825371,7.055857642737515,-6.8509391739525585,2.3338149266103283
0.244,1.8406227634233912,7.057669490255526,-6.086580118373606,2.8117121353053105
0.245,1.5450849718747401,7.0592027130667265,-5.2262320583812025,3.3780556265602653
0.246,1.2434494358242785,7.060457250642107,-4.283463196828423,4.0204434896379615
0.247,0.9369065729286298,7.061433053454671,-3.2731415618447794,4.725198064538522
0.248,0.6266661678215208,7.062130082981396,-2.2112005291508194,5.477595721652095
0.249,0.31395259764656813,7.062548311704747,-1.1143875432050119,6.262113366146303
0.25,3.0616169978683834e-15,7.062687723113773,-1.0888820937469053e-14,7.062687723113765
0.251,-0.313952597646562,7.062548311704747,1.1143875432049903,7.862983257263175
0.252,-0.6266661678215146,7.062130082981396,2.2112005291507986,8.64666444431068
0.253,-0.9369065729286236,7.061433053454671,3.273141561844759,9.397668042370807
0.254,-1.2434494358242727,7.060457250642107,4.2834631968284045,10.100471011646238
0.255,-1.5450849718747426,7.0592027130667265,5.22623205838121,10.740349799573194
0.256,-1.8406227634233936,7.057669490255526,6.086580118373613,11.303626845205743
0.257,-2.1288964578253653,7.055857642737515,6.850939173952544,11.777900358864693
0.258,-2.408768370508577,7.053767242041332,7.507254826205556,12.152253697738312
0.259,-2.679133974894982,7.051398370692418,8.045176585232651,12.417440981030087
0.26,-2.9389262614623632,7.048751122209756,8.456221103555091,12.566045964302484
0.261,-3.1871199487434447,7.045825601102186,8.733905963572838,12.59261161593158
0.262,-3.4227355296434383,7.042621922864269,8.873851909162513,12.493738302383345
0.263,-3.644843137107064,7.039140213971738,8.873851909162513,12.268148986027187
0.264,-3.8525662138789514,7.035380611876498,8.733905963572836,11.91672036157038
0.265,-4.045084971874741,7.031343265001201,8.456221103555087,11.442479396681549
0.266,-4.221639627510077,7.027028332733392,8.045176585232648,10.850565290455961
0.267,-4.381533400219319,7.022435985419205,7.507254826205552,10.148157411405437
0.268,-4.524135262330097,7.017566404356649,6.850939173952538,9.34437031597909
0.269,-4.648882429441257,7.0124197817884495,6.086580118373607,8.450117470720798
0.27,-4.755282581475767,7.006996320894449,5.226232058381203,7.477945797799885
0.271,-4.842915805643155,7.0012962357836015,4.283463196828425,6.441843626968871
0.272,-4.911436253643445,6.995319751485503,3.2731415618447217,5.357025059686778
0.273,-4.96057350657239,6.9890671039415215,2.21120052915079,4.239694126519921
0.274,-4.990133642141359,6.982538539995476,1.1143875432049817,3.106792441059099
0.275,-5.0,6.975734317383893,-1.9610884892656872e-14,1.975734317383873
0.276,-4.990133642141359,6.9686547047258305,-1.1143875432050205,0.8641335193794509
0.277,-4.9605735065723895,6.961299981512274,-2.211200529150828,-0.21047405421094387
0.278,-4.911436253643443,6.9536704380950995,-3.273141561844758,-1.2309073773931023
0.279,-4.842915805643156,6.945766375675621,-4.283463196828404,-2.1806126267959387
0.28,-4.755282581475769,6.937588106292689,-5.226232058381183,-3.043926533564263
0.281,-4.648882429441253,6.929135952810373,-6.086580118373635,-3.806326595004514
0.28200000000000003,-4.524135262330094,6.920410248905223,-6.850939173952564,-4.454664187377434
0.28300000000000003,-4.381533400219314,6.9114113390530845,-7.507254826205572,-4.977376887371801
0.28400000000000003,-4.221639627510072,6.902139578515513,-8.045176585232664,-5.364676634227224
0.28500000000000003,-4.045084971874735,6.892595333325738,-8.4562211035551,-5.608710742104098
0.28600000000000003,-3.8525662138789443,6.882778980274215,-8.733905963572843,-5.7036931971775715
0.28700000000000003,-3.6448431371070567,6.872690906893757,-8.873851909162514,-5.6460041393758145
0.28800000000000003,-3.422735529643443,6.862331511444228,-8.873851909162514,-5.434255927361731
0.289,-3.18711994874345,6.85170120289682,-8.733905963572841,-5.0693247094194716
0.29,-2.938926261462369,6.840800400917912,-8.456221103555098,-4.5543469640995555
0.291,-2.6791339748949876,6.8296295358525025,-8.045176585232662,-3.8946810242751475
0.292,-2.408768370508583,6.818189048707218,-7.5072548262055685,-3.097834148006934
0.293,-2.1288964578253715,6.806479391132898,-6.850939173952559,-2.1733562406450324
0.294,-1.8406227634234,6.7945010254067775,-6.0865801183736306,-1.1327018563902536
0.295,-1.545084971874749,6.782254424414221,-5.226232058381228,0.010937394158243635
0.296,-1.2434494358242878,6.76974007163007,-4.283463196828453,1.2428274389773295
0.297,-0.9369065729286391,6.7569584610995435,-3.2731415618448105,2.5469103263260937
0.298,-0.6266661678215213,6.743910097418737,-2.2112005291508217,3.906043400446394
0.299,-0.31395259764656874,6.7305954957147085,-1.114387543205014,5.302255354863125
0.3,-3.673940397442059e-15,6.717015181625135,-1.3066585124962862e-14,6.717015181625119
0.301,0.3139525976465615,6.703169691277563,1.114387543204988,8.131509832129112
0.302,0.6266661678215141,6.689059571268245,2.211200529150797,9.526926268240555
0.303,0.9369065729286142,6.674685378640556,3.2731415618447275,10.884733513413897
0.304,1.2434494358242636,6.660047680863011,4.283463196828375,12.18696031351565
0.305,1.5450849718747253,6.645147055806854,5.226232058381156,13.416464086062737
0.306,1.8406227634233765,6.629984091723249,6.086580118373566,14.557186973520189
0.307,2.128896457825365,6.614559387220052,6.8509391739525425,15.594395018997961
0.308,2.4087683705085765,6.598873551238189,7.507254826205555,16.51489674795232
0.309,2.679133974894982,6.5829272030276025,8.045176585232651,17.307237763155236
0.31,2.9389262614623624,6.56672097212282,8.45622110355509,17.961868337140274
0.311,3.1871199487434447,6.550255498318083,8.733905963572838,18.471281410634365
0.312,3.4227355296434383,6.533531431642106,8.873851909162513,18.830118870448057
0.313,3.6448431371070513,6.516549432332408,8.873851909162516,19.035244478601978
0.314,3.8525662138789394,6.499310170809239,8.733905963572848,19.085782348261024
0.315,4.045084971874741,6.48181432764913,8.45622110355509,18.98312040307896
0.316,4.221639627510077,6.464062593558008,8.04517658523265,18.730878806300733
0.317,4.381533400219319,6.446055669343941,7.5072548262055525,18.33484389576881
0.318,4.524135262330097,6.427794265889462,6.850939173952541,17.8028687021721
0.319,4.648882429441257,6.409279104123513,6.086580118373608,17.14474165193838
0.32,4.755282581475766,6.390510914992977,5.226232058381204,16.372025554849948
0.321,4.842915805643155,6.371490439433824,4.283463196828427,15.497869441905404
0.322,4.911436253643442,6.352218428341864,3.273141561844782,14.536796243830088
0.323,4.960573506572389,6.332695642543091,2.211200529150853,13.504469678266332
0.324,4.990133642141359,6.312922852763662,1.1143875432049837,12.417444038110004
0.325,5.0,6.292900839599461,-1.743312070516306e-14,11.292900839599444
0.326,4.990133642141359,6.272630393485285,-1.1143875432050183,10.148376492421626
0.327,4.9605735065723895,6.252112314663637,-2.2112005291508257,9.001485292085201
0.328,4.911436253643443,6.231347413153139,-3.273141561844756,7.869642104951826
0.329,4.842915805643156,6.2103365087165425,-4.283463196828402,6.769789117531298
0.33,4.755282581475769,6.189080430828383,-5.226232058381181,5.71813095392297
0.331,4.64888242944126,6.167580018642218,-6.086580118373588,4.72988232970989
0.332,4.524135262330094,6.145836120957505,-6.850939173952562,3.8190322093350377
0.333,4.381533400219314,6.123849596186095,-7.507254826205571,2.9981281701998377
0.334,4.221639627510072,6.101621312318336,-8.045176585232664,2.2780843545957445
0.335,4.045084971874735,6.079152146888816,-8.4562211035551,1.6680160152084516
0.336,3.8525662138789443,6.056442986941712,-8.733905963572843,1.1751032372478145
0.337,3.6448431371070567,6.033494728995777,-8.873851909162514,0.8044859569403183
0.338,3.4227355296434436,6.010308279008936,-8.873851909162514,0.5591918994898655
0.339,3.1871199487434505,5.986884552342538,-8.733905963572841,0.4400985375131464
0.34,2.9389262614623695,5.963224473725201,-8.4562211035551,0.44592963163247
0.341,2.6791339748949734,5.939328977216318,-8.045176585232635,0.5732863668786569
0.342,2.408768370508568,5.915199006169174,-7.5072548262055365,0.8167125504722058
0.343,2.128896457825356,5.89083551319371,-6.85093917395252,1.1687927970665453
0.34400000000000003,1.840622763423384,5.866239460118911,-6.086580118373585,1.6202821051687097
0.34500000000000003,1.5450849718747328,5.841411817954835,-5.226232058381179,2.160264731448389
0.34600000000000003,1.2434494358242714,5.816353566854288,-4.283463196828399,2.7763398058501596
0.34700000000000003,0.9369065729286221,5.791065696074113,-3.2731415618447546,3.4548307071579805
0.34800000000000003,0.6266661678215221,5.76554920393615,-2.211200529150824,4.1810148426068485
0.34900000000000003,0.3139525976465694,5.7398050977878174,-1.114387543205016,4.939370152229372
0.35000000000000003,-1.347730459698677e-14,5.713834393962346,4.793282653528899e-14,5.71383439396238
0.35100000000000003,-0.31395259764657857,5.687638117738651,1.1143875432050487,6.48807306329712
0.352,-0.6266661678215134,5.661217303300865,2.211200529150794,7.245751664630145
0.353,-0.9369065729286138,5.6345729936975,3.2731415618447257,7.970807982613611
0.354,-1.243449435824263,5.607706240800278,4.283463196828373,8.64772000180439
0.355,-1.5450849718747246,5.5806181052626,5.226232058381155,9.26176519176903
0.356,-1.840622763423376,5.553309656477676,6.086580118373564,9.799267011427863
0.357,-2.1288964578253484,5.525781972536302,6.850939173952501,10.247824688663455
0.358,-2.408768370508576,5.498036140184308,7.507254826205553,10.596522595881284
0.359,-2.6791339748949814,5.470073254779645,8.045176585232651,10.836115865117314
0.36,-2.9389262614623624,5.441894420249148,8.45622110355509,10.959189262341875
0.361,-3.1871199487434443,5.413500749044957,8.733905963572836,10.960286763874349
0.362,-3.422735529643438,5.384893362100592,8.873851909162513,10.836009741619668
0.363,-3.6448431371070513,5.356073388786704,8.873851909162516,10.585082160842168
0.364,-3.8525662138789385,5.327041966866494,8.733905963572848,10.208381716560403
0.365,-4.045084971874729,5.297800242450787,8.456221103555109,9.708936374131167
0.366,-4.221639627510068,5.268349369952797,8.045176585232676,9.091886327675406
0.367,-4.381533400219319,5.23869051204254,7.507254826205553,8.364411938028775
0.368,-4.524135262330097,5.208824839600942,6.850939173952542,7.535628751223386
0.369,-4.648882429441257,5.178753531673613,6.086580118373609,6.616451220605964
0.37,-4.755282581475766,5.1484777754243005,5.226232058381205,5.619427252329739
0.371,-4.842915805643155,5.1179987660880215,4.2834631968284285,4.5585461572732955
0.372,-4.911436253643442,5.087317706923874,3.2731415618447843,3.4490230151252166
0.373,-4.960573506572389,5.05643580916754,2.2112005291508554,2.3070628317460073
0.374,-4.990133642141358,5.025354291983464,1.1143875432050487,1.1496081930471553
0.375,-5.0,4.994074382416726,4.792181933007641e-14,-0.005925617583226043
0.376,-4.990133642141359,4.9625973153445955,-1.114387543205016,-1.1419238700017793
0.377,-4.9605735065723895,4.9309243334277815,-2.211200529150824,-2.240849702295431
0.378,-4.911436253643443,4.899056687061381,-3.2731415618447546,-3.2855211284268173
0.379,-4.842915805643156,4.8669956343255025,-4.283463196828399,-4.259383368146054
0.38,-4.755282581475769,4.834742440935614,-5.226232058381179,-5.146772198921335
0.381,-4.648882429441261,4.8022983801925605,-6.086580118373585,-5.933164167622285
0.382,-4.524135262330101,4.769664732932309,-6.85093917395252,-6.605409703350312
0.383,-4.381533400219324,4.736842787475376,-7.5072548262055365,-7.151945438949484
0.384,-4.221639627510072,4.7038338395759665,-8.045176585232662,-7.5629823731667685
0.385,-4.045084971874735,4.670639192370824,-8.4562211035551,-7.83066688305901
0.386,-3.852566213878945,4.637260156327783,-8.733905963572841,-7.949212021124003
0.387,-3.6448431371070575,4.603698049194032,-8.873851909162514,-7.914996997075541
0.388,-3.4227355296434445,4.56995419594409,-8.873851909162514,-7.72663324286187
0.389,-3.1871199487434514,4.536029928727511,-8.733905963572843,-7.384995983588783
0.39,-2.9389262614623695,4.501926586816271,-8.4562211035551,-6.893220778201198
0.391,-2.679133974894989,4.467645516551916,-8.045176585232664,-6.256665043575737
0.392,-2.408768370508584,4.4331880712924026,-7.507254826205571,-5.482835125421753
0.393,-2.1288964578253564,4.398555611358668,-6.850939173952522,-4.581280020419212
0.394,-1.8406227634233845,4.363749503980929,-6.086580118373588,-3.563453377816043
0.395,-1.5450849718747335,4.328771123244711,-5.226232058381181,-2.442545907011204
0.396,-1.2434494358242718,4.2936218500365895,-4.283463196828402,-1.2332907826160846
0.397,-0.9369065729286228,4.258303071989687,-3.273141561844756,0.048254937216308434
0.398,-0.6266661678215226,4.222816183428885,-2.2112005291508257,1.384949486456537
0.399,-0.31395259764657,4.187162585315783,-1.1143875432050183,2.7588224444641956
0.4,-4.898587196589413e-15,4.151343685193382,-1.7422113499950483e-14,4.15134368519336
0.401,0.3139525976465779,4.115360897130528,1.1143875432050465,5.543701037982153
0.402,0.6266661678215305,4.079215641666082,2.211200529150853,6.9170823386384654
0.403,0.9369065729286306,4.042909345752837,3.273141561844782,8.252957480526248
0.404,1.2434494358242796,4.006443442701194,4.283463196828427,9.5333560753539
0.405,1.545084971874741,3.9698193721225614,5.226232058381204,10.741136402378505
0.406,1.840622763423392,3.933038579872538,6.086580118373608,11.860241461669538
0.40700000000000003,2.1288964578253635,3.8961025179938207,6.850939173952541,12.875938149771725
0.40800000000000003,2.4087683705085756,3.859012644658893,7.5072548262055525,13.77503584137302
0.40900000000000003,2.6791339748949805,3.8217704241124384,8.04517658523265,14.546080984240069
0.41000000000000003,2.938926261462376,3.78437732661356,8.456221103555109,15.179524691631045
0.41100000000000003,3.187119948743457,3.746834828377718,8.733905963572848,15.667860740694023
0.41200000000000003,3.4227355296434503,3.709144411518461,8.873851909162516,16.00573185032443
0.41300000000000003,3.6448431371070633,3.671307563988909,8.873851909162513,16.190002610258485
0.41400000000000003,3.8525662138789505,3.6333257795230174,8.733905963572838,16.219797956974805
0.41500000000000004,4.04508497187474,3.5952005575765997,8.45622110355509,16.09650663300643
0.41600000000000004,4.2216396275100765,3.556933403268138,8.045176585232651,15.823749616010867
0.417,4.38153340021931,3.5185258273193636,7.507254826205589,15.407314053744264
0.418,4.52413526233009,3.4799793459956057,6.850939173952583,14.85505378227828
0.419,4.648882429441256,3.441295481045949,6.086580118373611,14.176758028860815
0.42,4.755282581475766,3.4024757596431403,5.226232058381208,13.383990399500117
0.421,4.8429158056431545,3.363521714323312,4.283463196828431,12.489900716794896
0.422,4.911436253643442,3.3244348829254737,3.273141561844786,11.509012698413702
0.423,4.960573506572389,3.2852168085308024,2.2112005291508576,10.45699084425405
0.424,4.990133642141358,3.245869039401722,1.1143875432050507,9.350390224748132
0.425,5.0,3.206393128920784,5.009958351757022e-14,8.206393128920835
0.426,4.99013364214136,3.166790635529341,-1.1143875432049515,7.042536734465749
0.427,4.96057350657239,3.127063122666021,-2.2112005291508217,5.876436100087589
0.428,4.911436253643443,3.087212158705008,-3.273141561844752,4.725506850503701
0.429,4.842915805643156,3.0472393168941263,-4.283463196828398,3.606691925708885
0.43,4.755282581475769,3.0071461752927195,-5.226232058381177,2.536196698387312
0.431,4.648882429441261,2.9669343167093722,-6.086580118373584,1.5292366277770482
0.432,4.524135262330101,2.926605328639406,-6.850939173952519,0.5998014170169874
0.433,4.381533400219324,2.8861608032022157,-7.507254826205536,-0.23956062278399665
0.434,4.221639627510083,2.8456023370784145,-8.045176585232635,-0.9779346206441383
0.435,4.045084971874745,2.804931531446796,-8.45622110355508,-1.6062046002335377
0.436,3.852566213878945,2.764149991921129,-8.733905963572841,-2.1171897577727665
0.437,3.644843137107058,2.7232593284867637,-8.873851909162514,-2.505749443568693
0.438,3.422735529643445,2.6822611554370797,-8.873851909162514,-2.76885522408199
0.439,3.187119948743452,2.641157091309742,-8.733905963572843,-2.9056289235196484
0.44,2.9389262614623703,2.5999487588228254,-8.4562211035551,-2.917346083269904
0.441,2.6791339748949894,2.5586377848107356,-8.045176585232664,-2.807404825526939
0.442,2.4087683705085845,2.517225800159991,-7.507254826205572,-2.581260655536996
0.443,2.1288964578253733,2.4757144397448374,-6.850939173952564,-2.2463282763823527
0.444,1.8406227634233852,2.434105342362705,-6.08658011837359,-1.811852012587499
0.445,1.5450849718747341,2.392400150669511,-5.226232058381183,-1.2887469358369377
0.446,1.2434494358242725,2.3506005111148145,-4.283463196828404,-0.6894132498893171
0.447,0.9369065729286233,2.308708073876815,-3.273141561844758,-0.027526915039319762
0.448,0.6266661678215232,2.2667244927971972,-2.211200529150828,0.682190131467892
0.449,0.3139525976465707,2.2246514253158574,-1.1143875432050205,1.424216479757407
0.45,5.51091059616309e-15,2.1824905324054593,-1.9599877687444294e-14,2.182490532405445
0.451,-0.3139525976465596,2.140243478505865,1.1143875432049817,2.9406784240642874
0.452,-0.6266661678215123,2.0979119314584227,2.21120052915079,3.682446292787701
0.453,-0.9369065729286301,2.055497562440127,3.2731415618447803,4.391732551356276
0.454,-1.243449435824279,2.013002045897642,4.283463196828425,5.053015806901788
0.455,-1.5450849718747406,1.9704270594811963,5.226232058381203,5.651574145987659
0.456,-1.8406227634233914,1.9277742839783536,6.086580118373607,6.173731638928568
0.457,-2.128896457825363,1.885045403247661,6.850939173952538,6.607088119374835
0.458,-2.408768370508575,1.8422421041521597,7.507254826205552,6.940728559849136
0.459,-2.67913397489498,1.7993660764928106,8.045176585232648,7.165408686830478
0.46,-2.9389262614623615,1.7564190129417696,8.456221103555087,7.273713855034496
0.461,-3.187119948743443,1.7134026089755685,8.733905963572836,7.260188623804961
0.462,-3.4227355296434503,1.6703185628081803,8.873851909162516,7.121434942327247
0.463,-3.6448431371070624,1.627168575323976,8.873851909162513,6.856177347379427
0.464,-3.8525662138789496,1.5839543500105768,8.733905963572838,6.465294099704465
0.465,-4.04508497187474,1.5406775928916037,8.456221103555091,5.951813724571955
0.466,-4.2216396275100765,1.4973400124593286,8.045176585232651,5.320876970181903
0.467,-4.381533400219318,1.4539433196072151,7.507254826205556,4.579664745593452
0.468,-4.524135262330097,1.4104892275623933,6.850939173952544,3.7372931391848403
0.46900000000000003,-4.648882429441256,1.366979451818012,6.086580118373613,2.804677140750369
0.47000000000000003,-4.755282581475772,1.3234157100655166,5.226232058381158,1.794365186970903
0.47100000000000003,-4.842915805643158,1.2797997221268385,4.283463196828377,0.7203471133120569
0.47200000000000003,-4.911436253643445,1.2361332098864988,3.2731415618447293,-0.4021614819122173
0.47300000000000003,-4.96057350657239,1.1924178972236317,2.2112005291507986,-1.55695508019796
0.47400000000000003,-4.990133642141359,1.148655509943929,1.1143875432049903,-2.727090588992439
0.47500000000000003,-5.0,1.10484777571151,-1.0899828142681632e-14,-3.895152224288501
0.47600000000000003,-4.990133642141359,1.0609964239807053,-1.1143875432050119,-5.043524761365664
0.47700000000000004,-4.96057350657239,1.0171031859277984,-2.2112005291508194,-6.154670849795411
0.47800000000000004,-4.911436253643443,0.973169794382671,-3.2731415618447497,-7.211408021105522
0.47900000000000004,-4.842915805643153,0.9291979837603948,-4.283463196828452,-8.197181018711209
0.48,-4.75528258147577,0.8851894899927647,-5.226232058381176,-9.096325149864182
0.481,-4.648882429441261,0.8411460504597537,-6.086580118373583,-9.894316497355089
0.482,-4.524135262330102,0.7970694039209433,-6.850939173952518,-10.578005032361677
0.483,-4.381533400219324,0.7529612904468674,-7.507254826205534,-11.13582693597799
0.484,-4.221639627510083,0.7088234513503212,-8.045176585232634,-11.557992761392395
0.485,-4.045084971874745,0.6646576291176156,-8.456221103555078,-11.836648446312209
0.486,-3.852566213878957,0.6204655673397886,-8.733905963572829,-11.966006610111998
0.487,-3.6448431371070704,0.5762490106437734,-8.87385190916251,-11.942446035625808
0.488,-3.422735529643445,0.5320097046235113,-8.873851909162516,-11.764577734182451
0.489,-3.1871199487434523,0.4877493957710571,-8.733905963572843,-11.433276516545238
0.49,-2.938926261462371,0.44346983140761864,-8.456221103555102,-10.951677533609855
0.491,-2.6791339748949894,0.3991727596145781,-8.045176585232666,-10.325137800513078
0.492,-2.408768370508585,0.3548599291644813,-7.507254826205574,-9.561163267549675
0.493,-2.1288964578253737,0.31053308945199853,-6.850939173952566,-8.66930254232594
0.494,-1.8406227634234023,0.2661939904248621,-6.086580118373637,-7.661008891372176
0.495,-1.5450849718747515,0.22184438251478078,-5.226232058381236,-6.549472647741206
0.496,-1.2434494358242731,0.17748601656833932,-4.283463196828405,-5.349426616084339
0.497,-0.9369065729286239,0.13312064377786537,-3.2731415618447603,-4.076927490995519
0.498,-0.6266661678215238,0.08875001561231409,-2.21120052915083,-2.74911668136004
0.499,-0.31395259764657124,0.044375883748110835,-1.1143875432050228,-1.3839642571034831
0.5,-6.123233995736767e-15,8.649297913488589e-16,-2.1777641874938105e-14,-2.7035946079326015e-14
0.501,0.313952597646559,-0.0443758837481091,1.1143875432049792,1.3839642571034292
0.502,0.6266661678215116,-0.08875001561231237,2.211200529150788,2.749116681359987
0.503,0.9369065729286119,-0.13312064377786365,3.2731415618447195,4.076927490995468
0.504,1.2434494358242612,-0.1774860165683376,4.283463196828367,5.3494266160842905
0.505,1.54508497187474,-0.22184438251477906,5.226232058381201,6.549472647741162
0.506,1.8406227634233907,-0.2661939904248604,6.086580118373606,7.661008891372136
0.507,2.1288964578253626,-0.31053308945199687,6.850939173952537,8.669302542325903
0.508,2.4087683705085743,-0.3548599291644796,7.50725482620555,9.561163267549645
0.509,2.6791339748949796,-0.3991727596145764,8.045176585232648,10.325137800513051
0.51,2.9389262614623752,-0.4434698314076169,8.456221103555107,10.951677533609864
0.511,3.187119948743443,-0.4877493957710553,8.733905963572834,11.433276516545222
0.512,3.4227355296434494,-0.5320097046235095,8.873851909162516,11.764577734182456
0.513,3.6448431371070504,-0.5762490106437719,8.873851909162518,11.942446035625798
0.514,3.8525662138789496,-0.6204655673397869,8.733905963572838,11.966006610112
0.515,4.045084971874728,-0.664657629117614,8.456221103555112,11.836648446312227
0.516,4.2216396275100765,-0.7088234513503194,8.045176585232653,11.55799276139241
0.517,4.381533400219309,-0.7529612904468658,7.507254826205591,11.135826935978034
0.518,4.5241352623300966,-0.7970694039209416,6.850939173952546,10.5780050323617
0.519,4.648882429441262,-0.841146050459752,6.086580118373569,9.894316497355078
0.52,4.7552825814757655,-0.8851894899927628,5.2262320583812105,9.096325149864212
0.521,4.842915805643158,-0.9291979837603962,4.283463196828379,8.19718101871114
0.522,4.911436253643442,-0.9731697943826723,3.2731415618447905,7.2114080211055605
0.523,4.96057350657239,-1.0171031859278,2.211200529150801,6.154670849795391
0.524,4.990133642141357,-1.0609964239807033,1.1143875432050552,5.043524761365709
0.525,5.0,-1.1048477757115083,-8.722063955187821e-15,3.8951522242884833
0.526,4.990133642141357,-1.1486555099439304,-1.1143875432050725,2.727090588992354
0.527,4.96057350657239,-1.1924178972236332,-2.211200529150817,1.556955080197939
0.528,4.9114362536434415,-1.2361332098865003,-3.2731415618448065,0.4021614819121347
0.529,4.842915805643157,-1.2797997221268398,-4.283463196828394,-0.720347113312076
0.53,4.7552825814757655,-1.323415710065518,-5.226232058381226,-1.7943651869709787
0.531,4.648882429441261,-1.3669794518180134,-6.086580118373582,-2.804677140750335
0.532,4.524135262330096,-1.4104892275623948,-6.850939173952558,-3.7372931391848567
0.533,4.381533400219324,-1.4539433196072133,-7.507254826205532,-4.579664745593422
0.534,4.221639627510073,-1.4973400124593266,-8.04517658523266,-5.320876970181913
0.535,4.045084971874725,-1.5406775928916048,-8.456221103555118,-5.951813724571997
0.536,3.852566213878946,-1.5839543500105782,-8.733905963572841,-6.465294099704472
0.537,3.6448431371070464,-1.6271685753239775,-8.87385190916252,-6.856177347379451
0.538,3.4227355296434454,-1.6703185628081816,-8.873851909162516,-7.1214349423272525
0.539,3.187119948743439,-1.7134026089755698,-8.733905963572832,-7.2601886238049635
0.54,2.9389262614623712,-1.7564190129417707,-8.456221103555102,-7.273713855034502
0.541,2.679133974894975,-1.7993660764928119,-8.045176585232639,-7.165408686830475
0.542,2.4087683705085854,-1.8422421041521582,-7.507254826205575,-6.9407285598491475
0.543,2.128896457825358,-1.8850454032476593,-6.850939173952526,-6.6070881193748265
0.544,1.8406227634233698,-1.9277742839783547,-6.086580118373546,-6.173731638928531
0.545,1.5450849718747353,-1.970427059481197,-5.2262320583811865,-5.651574145987649
0.546,1.2434494358242565,-2.0130020458976428,-4.283463196828352,-5.053015806901739
0.547,0.9369065729286246,-2.055497562440128,-3.273141561844762,-4.391732551356266
0.548,0.6266661678215069,-2.097911931458424,-2.211200529150771,-3.6824462927876884
0.549,0.31395259764657185,-2.140243478505866,-1.1143875432050248,-2.9406784240643193
0.55,-1.1028010998692062e-14,-2.182490532405461,3.9221769785313744e-14,-2.1824905324054327
0.551,-0.3139525976465584,-2.224651425315859,1.1143875432049775,-1.4242164797574401
0.552,-0.6266661678215287,-2.2667244927971955,2.211200529150847,-0.6821901314678772
0.553,-0.9369065729286462,-2.3087080738768133,3.2731415618448354,0.027526915039375665
0.554,-1.2434494358242778,-2.350600511114816,4.2834631968284205,0.6894132498893268
0.555,-1.5450849718747561,-2.3924001506695123,5.2262320583812505,1.2887469358369819
0.556,-1.8406227634233903,-2.4341053423627055,6.086580118373603,1.8118520125875066
0.557,-2.128896457825378,-2.4757144397448387,6.850939173952576,2.2463282763823598
0.558,-2.408768370508574,-2.5172258001599923,7.507254826205549,2.581260655536983
0.559,-2.6791339748949943,-2.558637784810737,8.045176585232673,2.8074048255269424
0.56,-2.93892626146236,-2.5999487588228267,8.456221103555087,2.9173460832699005
0.561,-3.1871199487434554,-2.6411570913097404,8.733905963572846,2.9056289235196493
0.562,-3.4227355296434614,-2.682261155437078,8.873851909162521,2.7688552240819817
0.5630000000000001,-3.644843137107062,-2.723259328486765,8.873851909162514,2.5057494435686882
0.5640000000000001,-3.85256621387896,-2.7641499919211308,8.733905963572825,2.1171897577727354
0.5650000000000001,-4.045084971874739,-2.8049315314467975,8.456221103555091,1.6062046002335555
0.5660000000000001,-4.221639627510085,-2.8456023370784154,8.045176585232626,0.9779346206441264
0.5670000000000001,-4.381533400219317,-2.8861608032022166,7.507254826205559,0.2395606227840246
0.5680000000000001,-4.5241352623301045,-2.9266053286394067,6.850939173952507,-0.5998014170170043
0.5690000000000001,-4.648882429441255,-2.966934316709373,6.086580118373616,-1.5292366277770117
0.5700000000000001,-4.755282581475771,-3.0071461752927178,5.226232058381162,-2.536196698387327
0.5710000000000001,-4.8429158056431625,-3.0472393168941245,4.283463196828325,-3.6066919257089616
0.5720000000000001,-4.911436253643445,-3.087212158705009,3.2731415618447337,-4.725506850503722
0.5730000000000001,-4.960573506572392,-3.1270631226660224,2.2112005291507417,-5.876436100087673
0.5740000000000001,-4.990133642141359,-3.166790635529342,1.1143875432049948,-7.042536734465706
0.5750000000000001,-5.0,-3.2063931289207854,-6.972147561543969e-14,-8.206393128920855
0.5760000000000001,-4.990133642141359,-3.245869039401723,-1.1143875432050074,-9.35039022474809
0.577,-4.960573506572391,-3.2852168085307976,-2.211200529150754,-10.456990844253943
0.578,-4.911436253643444,-3.3244348829254693,-3.2731415618447457,-11.50901269841366
0.579,-4.842915805643162,-3.3635217143233076,-4.283463196828337,-12.489900716794807
0.58,-4.75528258147577,-3.402475759643136,-5.226232058381172,-13.38399039950008
0.581,-4.648882429441267,-3.441295481045945,-6.086580118373534,-14.176758028860744
0.582,-4.524135262330103,-3.4799793459956043,-6.850939173952514,-14.85505378227822
0.583,-4.3815334002193325,-3.5185258273193623,-7.507254826205498,-15.407314053744193
0.584,-4.221639627510084,-3.5569334032681366,-8.045176585232632,-15.823749616010852
0.585,-4.045084971874758,-3.595200557576598,-8.456221103555057,-16.09650663300641
0.586,-3.852566213878958,-3.6333257795230156,-8.733905963572829,-16.219797956974805
0.587,-3.6448431371070593,-3.671307563988908,-8.873851909162514,-16.19000261025848
0.588,-3.4227355296434596,-3.709144411518459,-8.87385190916252,-16.005731850324437
0.589,-3.187119948743453,-3.746834828377717,-8.733905963572845,-15.667860740694016
0.59,-2.938926261462386,-3.7843773266135585,-8.456221103555123,-15.179524691631066
0.591,-2.6791339748949907,-3.8217704241124375,-8.045176585232667,-14.546080984240096
0.592,-2.4087683705086014,-3.859012644658891,-7.507254826205609,-13.775035841373102
0.593,-2.128896457825375,-3.89610251799382,-6.850939173952567,-12.875938149771763
0.594,-1.8406227634234198,-3.933038579872536,-6.086580118373686,-11.86024146166964
0.595,-1.5450849718747526,-3.9698193721225596,-5.22623205838124,-10.741136402378553
0.596,-1.243449435824274,-4.006443442701192,-4.283463196828409,-9.533356075353876
0.597,-0.9369065729286427,-4.042909345752836,-3.273141561844823,-8.252957480526302
0.598,-0.626666167821525,-4.07921564166608,-2.2112005291508345,-6.917082338638439
0.599,-0.31395259764659017,-4.115360897130526,-1.1143875432050896,-5.543701037982206
0.6,-7.347880794884118e-15,-4.151343685193381,-2.6133170249925724e-14,-4.151343685193415
0.601,0.31395259764654004,-4.187162585315782,1.1143875432049126,-2.7588224444643292
0.602,0.6266661678215104,-4.2228161834288835,2.2112005291507835,-1.3849494864565899
0.603,0.9369065729285933,-4.258303071989685,3.273141561844657,-0.04825493721643506
0.604,1.24344943582426,-4.293621850036588,4.283463196828364,1.2332907826160364
0.605,1.5450849718747388,-4.32877112324471,5.226232058381197,2.442545907011226
0.606,1.840622763423373,-4.363749503980928,6.086580118373555,3.563453377816
0.607,2.1288964578253613,-4.398555611358666,6.8509391739525345,4.58128002041923
0.608,2.408768370508558,-4.433188071292401,7.507254826205513,5.48283512542167
0.609,2.6791339748949783,-4.467645516551915,8.045176585232646,6.256665043575709
0.61,2.9389262614623455,-4.5019265868162694,8.456221103555066,6.893220778201142
0.611,3.187119948743442,-4.53602992872751,8.733905963572834,7.384995983588766
0.612,3.4227355296434228,-4.569954195944089,8.873851909162509,7.726633242861844
0.613,3.644843137107049,-4.60369804919403,8.873851909162518,7.914996997075537
0.614,3.8525662138789487,-4.637260156327782,8.73390596357284,7.949212021124007
0.615,4.0450849718747275,-4.670639192370823,8.456221103555114,7.830666883059019
0.616,4.221639627510076,-4.703833839575965,8.045176585232655,7.562982373166765
0.617,4.381533400219309,-4.736842787475374,7.507254826205594,7.151945438949529
0.618,4.5241352623300966,-4.769664732932307,6.850939173952549,6.605409703350337
0.619,4.648882429441248,-4.802298380192559,6.086580118373663,5.933164167622353
0.62,4.7552825814757655,-4.834742440935613,5.226232058381215,5.146772198921369
0.621,4.842915805643158,-4.866995634325501,4.283463196828382,4.2593833681460405
0.622,4.911436253643442,-4.899056687061379,3.2731415618447945,3.2855211284268577
0.623,4.96057350657239,-4.930924333427781,2.211200529150805,2.2408497022954137
0.624,4.990133642141357,-4.962597315344595,1.1143875432050594,1.1419238700018217
0.625,5.0,-4.994074382416725,-4.3665355802002e-15,0.005925617583270445
0.626,4.99013364214136,-5.025354291983462,-1.1143875432049428,-1.149608193047046
0.627,4.96057350657239,-5.056435809167538,-2.211200529150813,-2.3070628317459616
0.628,4.911436253643448,-5.087317706923873,-3.2731415618446853,-3.4490230151251104
0.629,4.842915805643157,-5.117998766088021,-4.28346319682839,-4.558546157273254
0.63,4.7552825814757655,-5.1484777754243,-5.226232058381222,-5.619427252329756
0.631,4.648882429441261,-5.178753531673612,-6.086580118373577,-6.616451220605928
0.632,4.524135262330096,-5.208824839600941,-6.850939173952554,-7.535628751223399
0.633,4.3815334002193245,-5.238690512042538,-7.50725482620553,-8.364411938028745
0.634,4.221639627510074,-5.268349369952796,-8.045176585232658,-9.091886327675379
0.635,4.045084971874747,-5.297800242450786,-8.456221103555077,-9.708936374131115
0.636,3.852566213878947,-5.327041966866492,-8.73390596357284,-10.208381716560384
0.637,3.644843137107072,-5.3560733887867,-8.873851909162509,-10.585082160842138
0.638,3.4227355296434467,-5.38489336210059,-8.873851909162516,-10.83600974161966
0.639,3.1871199487434394,-5.413500749044955,-8.733905963572832,-10.960286763874349
0.64,2.938926261462372,-5.441894420249149,-8.456221103555103,-10.95918926234188
0.641,2.6791339748949765,-5.470073254779644,-8.04517658523264,-10.836115865117307
0.642,2.4087683705085863,-5.4980361401843085,-7.507254826205577,-10.596522595881298
0.643,2.1288964578253595,-5.525781972536302,-6.850939173952529,-10.24782468866347
0.644,1.8406227634234038,-5.553309656477673,-6.086580118373642,-9.79926701142791
0.645,1.5450849718747364,-5.580618105262599,-5.22623205838119,-9.261765191769053
0.646,1.243449435824292,-5.607706240800274,-4.283463196828467,-8.647720001804448
0.647,0.9369065729286257,-5.634572993697499,-3.273141561844766,-7.970807982613639
0.648,0.626666167821508,-5.6612173033008615,-2.2112005291507755,-7.24575166463013
0.649,0.3139525976465731,-5.6876381177386515,-1.1143875432050292,-6.488073063297108
0.65,-9.803364199544709e-15,-5.713834393962345,3.486624141032612e-14,-5.71383439396232
0.651,-0.31395259764655714,-5.739805097787819,1.114387543204973,-4.939370152229404
0.652,-0.6266661678215275,-5.765549203936151,2.211200529150843,-4.181014842606835
0.653,-0.9369065729286101,-5.791065696074112,3.2731415618447133,-3.454830707158008
0.654,-1.2434494358242767,-5.816353566854289,4.283463196828417,-2.7763398058501476
0.655,-1.5450849718747213,-5.841411817954834,5.226232058381145,-2.1602647314484114
0.656,-1.8406227634233892,-5.866239460118911,6.0865801183736,-1.6202821051686995
0.657,-2.1288964578253773,-5.890835513193709,6.850939173952573,-1.168792797066513
0.658,-2.4087683705085725,-5.915199006169175,7.507254826205546,-0.8167125504722007
0.659,-2.679133974894993,-5.939328977216318,8.04517658523267,-0.57328636687864
0.66,-2.9389262614623592,-5.963224473725203,8.456221103555086,-0.4459296316324785
0.661,-3.187119948743455,-5.986884552342539,8.733905963572846,-0.44009853751314815
0.662,-3.4227355296434347,-6.010308279008939,8.873851909162513,-0.5591918994898604
0.663,-3.6448431371070606,-6.033494728995777,8.873851909162514,-0.8044859569403218
0.664,-3.85256621387896,-6.056442986941712,8.733905963572827,-1.1751032372478434
0.665,-4.045084971874738,-6.079152146888817,8.456221103555094,-1.66801601520846
0.666,-4.2216396275100845,-6.1016213123183345,8.045176585232628,-2.2780843545957903
0.667,-4.381533400219317,-6.123849596186096,7.50725482620556,-2.9981281701998537
0.668,-4.524135262330104,-6.1458361209575045,6.8509391739525105,-3.8190322093350977
0.669,-4.648882429441255,-6.167580018642219,6.086580118373619,-4.729882329709856
0.67,-4.755282581475771,-6.189080430828384,5.226232058381165,-5.71813095392299
0.671,-4.842915805643154,-6.210336508716544,4.28346319682844,-6.769789117531257
0.672,-4.911436253643445,-6.231347413153139,3.2731415618447377,-7.869642104951846
0.673,-4.960573506572392,-6.252112314663637,2.2112005291507457,-9.001485292085285
0.674,-4.990133642141359,-6.272630393485285,1.1143875432049988,-10.148376492421646
0.675,-5.0,-6.29290083959946,-6.536594724045204e-14,-11.292900839599525
0.676,-4.990133642141359,-6.312922852763662,-1.1143875432050032,-12.417444038110023
0.677,-4.960573506572388,-6.33269564254309,-2.2112005291508723,-13.50446967826635
0.678,-4.911436253643444,-6.352218428341864,-3.273141561844742,-14.53679624383005
0.679,-4.842915805643154,-6.371490439433825,-4.283463196828444,-15.497869441905422
0.68,-4.755282581475771,-6.390510914992979,-5.226232058381169,-16.37202555484992
0.681,-4.6488824294412545,-6.409279104123514,-6.0865801183736234,-17.14474165193839
0.682,-4.524135262330088,-6.427794265889461,-6.850939173952592,-17.802868702172145
0.683,-4.3815334002193165,-6.446055669343941,-7.507254826205563,-18.33484389576882
0.684,-4.221639627510065,-6.464062593558007,-8.045176585232683,-18.73087880630075
0.685,-4.045084971874737,-6.48181432764913,-8.456221103555094,-18.983120403078964
0.686,-3.852566213878936,-6.499310170809239,-8.733905963572852,-19.085782348261024
0.687,-3.64484313710706,-6.5165494323324085,-8.873851909162514,-19.035244478601985
0.6880000000000001,-3.422735529643434,-6.533531431642106,-8.873851909162513,-18.830118870448054
0.6890000000000001,-3.1871199487434536,-6.550255498318084,-8.733905963572845,-18.471281410634383
0.6900000000000001,-2.9389262614623584,-6.56672097212282,-8.456221103555086,-17.961868337140263
0.6910000000000001,-2.679133974894962,-6.5829272030276025,-8.045176585232616,-17.307237763155182
0.6920000000000001,-2.4087683705085716,-6.598873551238189,-7.507254826205544,-16.514896747952303
0.6930000000000001,-2.1288964578253435,-6.614559387220051,-6.85093917395249,-15.594395018997886
0.6940000000000001,-1.840622763423388,-6.629984091723249,-6.086580118373597,-14.557186973520233
0.6950000000000001,-1.54508497187472,-6.645147055806854,-5.22623205838114,-13.416464086062716
0.6960000000000001,-1.2434494358242754,-6.660047680863012,-4.283463196828413,-12.186960313515701
0.6970000000000001,-0.9369065729286089,-6.674685378640556,-3.2731415618447093,-10.884733513413876
0.6980000000000001,-0.6266661678215262,-6.6890595712682455,-2.2112005291508385,-9.52692626824061
0.6990000000000001,-0.3139525976465559,-6.703169691277563,-1.1143875432049688,-8.131509832129089
0.7000000000000001,2.695460919397354e-14,-6.7170151816251344,9.586565307057798e-14,-6.717015181625011
0.7010000000000001,0.3139525976465743,-6.7305954957147085,1.1143875432050336,-5.3022553548631
0.7020000000000001,0.6266661678215445,-6.743910097418737,2.2112005291509016,-3.9060434004462903
0.7030000000000001,0.936906572928627,-6.756958461099544,3.27314156184477,-2.546910326326147
0.704,1.243449435824259,-6.769740071630068,4.28346319682836,-1.2428274389774498
0.705,1.545084971874704,-6.782254424414221,5.2262320583810915,-0.010937394158425748
0.706,1.8406227634233718,-6.794501025406776,6.086580118373553,1.1327018563901494
0.707,2.1288964578253604,-6.806479391132897,6.850939173952531,2.173356240644994
0.708,2.4087683705085565,-6.818189048707216,7.507254826205512,3.0978341480068523
0.709,2.6791339748949774,-6.8296295358525025,8.045176585232644,3.8946810242751186
0.71,2.938926261462344,-6.84080040091791,8.456221103555066,4.5543469640995
0.711,3.1871199487434407,-6.851701202896819,8.733905963572834,5.0693247094194565
0.712,3.422735529643422,-6.862331511444228,8.873851909162509,5.434255927361703
0.713,3.6448431371070478,-6.872690906893756,8.873851909162518,5.646004139375809
0.714,3.8525662138789247,-6.882778980274215,8.733905963572862,5.703693197177572
0.715,4.045084971874727,-6.892595333325736,8.456221103555114,5.608710742104105
0.716,4.221639627510075,-6.902139578515513,8.045176585232657,5.3646766342272185
0.717,4.3815334002193085,-6.911411339053084,7.507254826205595,4.97737688737182
0.718,4.5241352623300966,-6.920410248905223,6.850939173952551,4.454664187377425
0.719,4.648882429441248,-6.929135952810373,6.086580118373666,3.806326595004541
0.72,4.7552825814757655,-6.93758810629269,5.2262320583812185,3.0439265335642935
0.721,4.842915805643149,-6.945766375675621,4.283463196828497,2.1806126267960244
0.722,4.9114362536434415,-6.9536704380951,3.273141561844799,1.2309073773931396
0.723,4.960573506572386,-6.961299981512273,2.2112005291509313,0.21047405421104465
0.724,4.990133642141357,-6.96865470472583,1.1143875432050638,-0.8641335193794085
0.725,5.0,-6.975734317383893,-1.1007205212578618e-17,-1.9757343173838926
0.726,4.99013364214136,-6.982538539995476,-1.1143875432049384,-3.106792441059055
0.727,4.96057350657239,-6.9890671039415215,-2.211200529150809,-4.23969412651994
0.728,4.911436253643448,-6.995319751485503,-3.2731415618446813,-5.357025059686736
0.729,4.842915805643158,-7.0012962357836015,-4.283463196828387,-6.44184362696883
0.73,4.755282581475776,-7.006996320894449,-5.2262320583811155,-7.477945797799789
0.731,4.648882429441261,-7.0124197817884495,-6.086580118373575,-8.450117470720762
0.732,4.524135262330112,-7.017566404356649,-6.8509391739524705,-9.344370315979008
0.733,4.381533400219325,-7.022435985419204,-7.507254826205528,-10.148157411405407
0.734,4.221639627510075,-7.027028332733392,-8.045176585232657,-10.850565290455972
0.735,4.045084971874748,-7.031343265001201,-8.456221103555075,-11.442479396681529
0.736,3.852566213878948,-7.035380611876498,-8.73390596357284,-11.916720361570388
0.737,3.6448431371070726,-7.039140213971738,-8.873851909162509,-12.268148986027175
0.738,3.422735529643447,-7.042621922864269,-8.873851909162516,-12.493738302383338
0.739,3.187119948743468,-7.045825601102186,-8.733905963572857,-12.592611615931576
0.74,2.938926261462373,-7.048751122209756,-8.456221103555103,-12.566045964302486
0.741,2.679133974895007,-7.051398370692418,-8.045176585232698,-12.41744098103011
0.742,2.4087683705085876,-7.053767242041332,-7.507254826205579,-12.152253697738326
0.743,2.1288964578253604,-7.055857642737515,-6.850939173952531,-11.777900358864686
0.744,1.840622763423405,-7.057669490255526,-6.086580118373645,-11.303626845205764
0.745,1.5450849718747373,-7.0592027130667265,-5.226232058381194,-10.740349799573183
0.746,1.2434494358242931,-7.060457250642107,-4.283463196828471,-10.100471011646285
0.747,0.936906572928627,-7.061433053454671,-3.27314156184477,-9.397668042370814
0.748,0.6266661678215445,-7.062130082981396,-2.2112005291509016,-8.646664444310753
0.749,0.3139525976465743,-7.062548311704747,-1.1143875432050336,-7.862983257263206
0.75,2.6948419387607653e-14,-7.062687723113773,-9.584363866015282e-14,-7.062687723113841
0.751,-0.3139525976465559,-7.062548311704747,1.1143875432049688,-6.262113366146334
0.752,-0.6266661678215262,-7.062130082981396,2.2112005291508385,-5.477595721652082
0.753,-0.9369065729286089,-7.061433053454671,3.2731415618447093,-4.725198064538571
0.754,-1.2434494358242754,-7.060457250642107,4.283463196828413,-4.02044348963797
0.755,-1.54508497187472,-7.0592027130667265,5.22623205838114,-3.378055626560307
0.756,-1.840622763423388,-7.057669490255526,6.086580118373597,-2.8117121353053176
0.757,-2.1288964578253435,-7.055857642737515,6.85093917395249,-2.3338149266103683
0.758,-2.4087683705085716,-7.053767242041332,7.507254826205544,-1.9552807863443604
0.759,-2.6791339748949916,-7.051398370692418,8.045176585232669,-1.6853557603547404
0.76,-2.9389262614623584,-7.048751122209756,8.456221103555086,-1.5314562801170297
0.761,-3.1871199487434536,-7.045825601102186,8.733905963572845,-1.4990395862727943
0.762,-3.422735529643434,-7.042621922864269,8.873851909162513,-1.59150554334519
0.763,-3.64484313710706,-7.039140213971738,8.873851909162514,-1.810131441916282
0.764,-3.852566213878936,-7.035380611876498,8.733905963572852,-2.1540408621825815
0.765,-4.045084971874737,-7.031343265001201,8.456221103555094,-2.620207133320843
0.766,-4.221639627510065,-7.027028332733392,8.045176585232683,-3.203491375010774
0.767,-4.3815334002193165,-7.022435985419204,7.507254826205563,-3.896714559432957
0.768,-4.524135262330103,-7.017566404356649,6.850939173952512,-4.69076249273424
0.769,-4.6488824294412545,-7.0124197817884495,6.0865801183736234,-5.574722092856081
0.77,-4.755282581475771,-7.00699632089445,5.226232058381169,-6.536046843989051
0.771,-4.842915805643154,-7.0012962357836015,4.283463196828444,-7.5607488445983115
0.772,-4.911436253643444,-6.995319751485503,3.273141561844742,-8.633614443284204
0.773,-4.960573506572388,-6.9890671039415215,2.2112005291508723,-9.738440081363036
0.774,-4.990133642141359,-6.982538539995476,1.1143875432050032,-10.858284638931833
0.775,-5.0,-6.9757343173838935,6.53439328300269e-14,-11.975734317383827
0.776,-4.990133642141359,-6.9686547047258305,-1.1143875432049988,-13.073175890072187
0.777,-4.960573506572389,-6.961299981512274,-2.2112005291508683,-14.13307401723553
0.778,-4.911436253643445,-6.9536704380951,-3.2731415618447377,-15.138248253583283
0.779,-4.842915805643154,-6.945766375675622,-4.28346319682844,-16.072145378147216
0.78,-4.755282581475771,-6.93758810629269,-5.226232058381165,-16.919102746149626
0.781,-4.648882429441255,-6.929135952810373,-6.086580118373619,-17.66459850062525
0.782,-4.524135262330104,-6.920410248905223,-6.8509391739525105,-18.295484685187834
0.783,-4.381533400219317,-6.9114113390530845,-7.50725482620556,-18.800199565477964
0.784,-4.2216396275100845,-6.902139578515514,-8.045176585232628,-19.168955791258227
0.785,-4.045084971874738,-6.892595333325737,-8.456221103555094,-19.393901408755568
0.786,-3.8525662138789367,-6.882778980274215,-8.733905963572852,-19.469251157726003
0.787,-3.6448431371070606,-6.872690906893756,-8.873851909162514,-19.391385953163333
0.788,-3.4227355296434347,-6.8623315114442285,-8.873851909162513,-19.158918950250175
0.789,-3.187119948743455,-6.85170120289682,-8.733905963572846,-18.772727115213122
0.79,-2.9389262614623592,-6.840800400917911,-8.456221103555086,-18.235947765935357
0.791,-2.679133974894993,-6.8296295358525025,-8.04517658523267,-17.553940095980167
0.792,-2.4087683705085725,-6.818189048707216,-7.507254826205546,-16.734212245421336
0.793,-2.1288964578253773,-6.806479391132898,-6.850939173952573,-15.786315022910848
0.794,-1.8406227634233892,-6.794501025406777,-6.0865801183736,-14.721703907203766
0.795,-1.5450849718747213,-6.782254424414221,-5.226232058381145,-13.553571454670086
0.796,-1.2434494358242767,-6.769740071630069,-4.283463196828417,-12.296652704282762
0.797,-0.9369065729286101,-6.756958461099543,-3.2731415618447133,-10.967006595872867
0.798,-0.6266661678215275,-6.743910097418737,-2.211200529150843,-9.581776794391107
0.799,-0.31395259764655714,-6.730595495714708,-1.114387543204973,-8.158935636566238
0.8,-9.797174393178826e-15,-6.717015181625135,-3.4844226999900966e-14,-6.71701518162518
0.801,0.3139525976465731,-6.703169691277561,1.1143875432050292,-5.2748295504259595
0.802,0.6266661678215433,-6.689059571268245,2.211200529150898,-3.851192874295803
0.803,0.9369065729286257,-6.674685378640555,3.273141561844766,-2.4646372438671627
0.804,1.243449435824292,-6.66004768086301,4.283463196828467,-1.1331350482102516
0.805,1.5450849718747364,-6.645147055806853,5.22623205838119,0.12616997444907346
0.806,1.8406227634234038,-6.629984091723248,6.086580118373642,1.2972187900737984
0.807,2.1288964578253595,-6.614559387220052,6.850939173952529,2.3652762445578355
0.808,2.4087683705085863,-6.598873551238187,7.507254826205577,3.3171496454759763
0.809,2.6791339748949765,-6.582927203027603,8.04517658523264,4.141383357100013
0.81,2.938926261462372,-6.566720972122818,8.456221103555103,4.828426392894658
0.811,3.1871199487434674,-6.550255498318083,8.733905963572855,5.37077041399824
0.812,3.4227355296434467,-6.533531431642105,8.873851909162516,5.763056007163858
0.8130000000000001,3.644843137107072,-6.516549432332407,8.873851909162509,6.0021456139371745
0.8140000000000001,3.852566213878947,-6.499310170809238,8.73390596357284,6.087162006642548
0.8150000000000001,4.045084971874747,-6.481814327649128,8.456221103555077,6.0194917477806955
0.8160000000000001,4.221639627510074,-6.464062593558008,8.045176585232658,5.802753619184724
0.8170000000000001,4.3815334002193245,-6.44605566934394,7.50725482620553,5.442732557080915
0.8180000000000001,4.524135262330096,-6.427794265889462,6.850939173952554,4.947280170393188
0.8190000000000001,4.648882429441261,-6.409279104123512,6.086580118373577,4.326183443691327
0.8200000000000001,4.755282581475776,-6.390510914992978,5.22623205838112,3.591003724863918
0.8210000000000001,4.842915805643157,-6.371490439433823,4.28346319682839,2.7548885630377242
0.8220000000000001,4.911436253643448,-6.352218428341862,3.2731415618446853,1.8323593871462713
0.8230000000000001,4.96057350657239,-6.332695642543088,2.211200529150813,0.8390783931801148
0.8240000000000001,4.99013364214136,-6.31292285276366,1.1143875432049426,-0.2084016674173579
0.8250000000000001,5.0,-6.292900839599461,4.3445211697750425e-15,-1.2929008395994561
0.8260000000000001,4.990133642141357,-6.272630393485283,-1.1143875432050594,-2.3968842945489857
0.8270000000000001,4.96057350657239,-6.252112314663637,-2.211200529150805,-3.5027393372420517
0.8280000000000001,4.911436253643442,-6.231347413153137,-3.2731415618447945,-4.593052721354489
0.8290000000000001,4.842915805643149,-6.2103365087165425,-4.283463196828493,-5.6508838999018876
0.8300000000000001,4.7552825814757655,-6.189080430828382,-5.226232058381215,-6.660029907733831
0.8310000000000001,4.648882429441248,-6.1675800186422185,-6.086580118373663,-7.605277707574634
0.8320000000000001,4.5241352623300966,-6.145836120957504,-6.850939173952549,-8.472640032579955
0.833,4.381533400219326,-6.123849596186097,-7.507254826205525,-9.249571022172296
0.834,4.221639627510094,-6.101621312318336,-8.0451765852326,-9.925158270040843
0.835,4.045084971874749,-6.079152146888817,-8.456221103555073,-10.49028827856914
0.836,3.8525662138789705,-6.056442986941713,-8.733905963572816,-10.937782736635558
0.837,3.644843137107074,-6.033494728995778,-8.873851909162509,-11.262503501051214
0.838,3.4227355296434485,-6.01030827900894,-8.873851909162516,-11.461424658528008
0.839,3.187119948743469,-5.9868845523425405,-8.733905963572857,-11.53367056717193
0.84,2.9389262614623743,-5.963224473725205,-8.456221103555107,-11.480519315817936
0.841,2.6791339748950085,-5.939328977216319,-8.045176585232698,-11.305371587554008
0.842,2.4087683705085885,-5.915199006169177,-7.507254826205582,-11.013685461866169
0.843,2.1288964578253937,-5.890835513193711,-6.850939173952615,-10.612878229320932
0.844,1.840622763423406,-5.866239460118912,-6.086580118373647,-10.112196815069153
0.845,1.5450849718747388,-5.841411817954836,-5.226232058381197,-9.522558904461293
0.846,1.2434494358242942,-5.816353566854291,-4.283463196828474,-8.85636732785847
0.847,0.9369065729286282,-5.791065696074114,-3.2731415618447737,-8.127300684990258
0.848,0.6266661678215457,-5.7655492039361524,-2.211200529150906,-7.350083565265512
0.849,0.31395259764657546,-5.739805097787821,-1.114387543205038,-6.540240043346284
0.85,2.817306618675501e-14,-5.713834393962347,-1.0019916703514044e-13,-5.7138343939624185
0.851,-0.31395259764655475,-5.687638117738652,1.1143875432049644,-4.887203172180242
0.852,-0.6266661678214899,-5.661217303300863,2.211200529150712,-4.076682941971641
0.853,-0.9369065729286077,-5.634572993697501,3.2731415618447053,-3.298338004781402
0.854,-1.243449435824274,-5.607706240800277,4.283463196828409,-2.567692479796143
0.855,-1.5450849718747186,-5.580618105262601,5.226232058381138,-1.8994710187561819
0.856,-1.8406227634233867,-5.5533096564776745,6.086580118373593,-1.3073523015274668
0.857,-2.1288964578253426,-5.525781972536303,6.850939173952487,-0.803739256409159
0.858,-2.4087683705085703,-5.498036140184311,7.507254826205542,-0.39954968448733996
0.859,-2.6791339748949605,-5.470073254779645,8.045176585232614,-0.10403064444199192
0.86,-2.938926261462357,-5.441894420249151,8.456221103555084,0.0754004218435761
0.861,-3.187119948743426,-5.413500749044957,8.73390596357282,0.1332852657844375
0.862,-3.4227355296434334,-5.384893362100593,8.873851909162513,0.0662230174184879
0.863,-3.6448431371070593,-5.356073388786702,8.873851909162514,-0.12706461673124733
0.864,-3.852566213878935,-5.327041966866494,8.733905963572854,-0.445702217172575
0.865,-4.045084971874736,-5.297800242450786,8.456221103555096,-0.8866641107704264
0.866,-4.221639627510065,-5.268349369952798,8.045176585232687,-1.444812412230176
0.867,-4.381533400219316,-5.238690512042542,7.507254826205565,-2.112969086056293
0.868,-4.524135262330088,-5.2088248396009424,6.850939173952596,-2.882020927978435
0.869,-4.6488824294412545,-5.178753531673616,6.086580118373626,-3.7410558427412455
0.87,-4.75528258147576,-5.148477775424301,5.226232058381275,-4.677528298518787
0.871,-4.842915805643154,-5.117998766088022,4.283463196828448,-5.677451374902728
0.872,-4.911436253643444,-5.087317706923873,3.2731415618447457,-6.72561239872257
0.873,-4.960573506572388,-5.05643580916754,2.2112005291508763,-7.8058087865890515
0.874,-4.990133642141359,-5.025354291983462,1.1143875432050074,-8.901100390919813
0.875,-5.0,-4.994074382416727,6.969946120501452e-14,-9.994074382416658
0.876,-4.990133642141359,-4.962597315344599,-1.1143875432049948,-11.067118500690954
0.877,-4.960573506572392,-4.930924333427782,-2.2112005291507417,-12.102698369150918
0.878,-4.911436253643445,-4.899056687061384,-3.2731415618447337,-13.083634502549561
0.879,-4.8429158056431625,-4.8669956343255025,-4.283463196828325,-13.993374636796991
0.88,-4.755282581475771,-4.834742440935615,-5.226232058381162,-14.816257080792546
0.881,-4.648882429441255,-4.802298380192559,-6.086580118373616,-15.53776092800743
0.882,-4.5241352623301045,-4.769664732932309,-6.850939173952507,-16.144739169214922
0.883,-4.381533400219317,-4.736842787475374,-7.507254826205559,-16.625631013900247
0.884,-4.221639627510085,-4.703833839575967,-8.045176585232626,-16.970650052318682
0.885,-4.045084971874739,-4.670639192370827,-8.456221103555091,-17.17194526780066
0.886,-3.85256621387896,-4.637260156327784,-8.733905963572825,-17.22373233377957
0.887,-3.644843137107062,-4.603698049194034,-8.873851909162514,-17.122393095463615
0.888,-3.422735529643436,-4.569954195944091,-8.873851909162513,-16.866541634750043
0.889,-3.1871199487434554,-4.536029928727512,-8.733905963572846,-16.457055841043815
0.89,-2.93892626146236,-4.5019265868162694,-8.456221103555087,-15.897073951833718
0.891,-2.6791339748949943,-4.467645516551917,-8.045176585232673,-15.191956076679585
0.892,-2.408768370508574,-4.4331880712924,-7.507254826205549,-14.349211268006522
0.893,-2.128896457825378,-4.398555611358668,-6.850939173952576,-13.378391243136623
0.894,-1.8406227634233903,-4.363749503980933,-6.086580118373603,-12.290952385777928
0.895,-1.5450849718747561,-4.328771123244712,-5.2262320583812505,-11.100088153500717
0.896,-1.2434494358242778,-4.293621850036593,-4.2834631968284205,-9.820534482689292
0.897,-0.9369065729286113,-4.258303071989688,-3.2731415618447177,-8.468351206763018
0.898,-0.6266661678215287,-4.222816183428889,-2.211200529150847,-7.060682880401265
0.899,-0.31395259764655836,-4.187162585315782,-1.1143875432049775,-5.6155027261673185
0.9,-1.102182119232618e-14,-4.151343685193383,-3.919975537488859e-14,-4.151343685193433
0.901,0.31395259764657185,-4.115360897130525,1.1143875432050248,-2.687020756278929
0.902,0.6266661678215069,-4.0792156416660825,2.211200529150771,-1.2413489446938042
0.903,0.9369065729286246,-4.042909345752841,3.273141561844762,0.16713878902054527
0.904,1.2434494358242565,-4.006443442701194,4.283463196828352,1.5204691899514144
0.905,1.5450849718747353,-3.969819372122565,5.2262320583811865,2.801497658133357
0.906,1.840622763423403,-3.9330385798725387,6.0865801183736385,3.9941643019245023
0.907,2.128896457825358,-3.8961025179938242,6.850939173952526,5.083733113784059
0.908,2.4087683705085854,-3.85901264465889,7.507254826205575,6.057010552055269
0.909,2.679133974894975,-3.8217704241124393,8.045176585232639,6.902540136015175
0.91,2.9389262614623712,-3.7843773266135576,8.456221103555102,7.610770038403916
0.911,3.187119948743439,-3.746834828377719,8.733905963572832,8.174191083938553
0.912,3.4227355296434454,-3.709144411518459,8.873851909162516,8.587443027287502
0.913,3.6448431371070464,-3.67130756398891,8.87385190916252,8.847387482280656
0.914,3.852566213878946,-3.6333257795230205,8.733905963572841,8.953146397928768
0.915,4.045084971874746,-3.5952005575766006,8.456221103555078,8.906105517853225
0.916,4.221639627510073,-3.5569334032681414,8.04517658523266,8.709882809474593
0.917,4.381533400219324,-3.518525827319362,7.507254826205532,8.370262399105494
0.918,4.524135262330096,-3.479979345995606,6.850939173952558,7.895095090287048
0.919,4.648882429441261,-3.441295481045944,6.086580118373582,7.294167066768898
0.92,4.7552825814757655,-3.402475759643138,5.226232058381226,6.5790388802138535
0.921,4.842915805643157,-3.363521714323307,4.283463196828394,5.762857288148244
0.922,4.9114362536434415,-3.324434882925472,3.2731415618448065,4.860142932562776
0.923,4.96057350657239,-3.285216808530803,2.211200529150817,3.8865572271924047
0.924,4.99013364214136,-3.24586903940172,1.114387543204947,2.8586521459445864
0.925,5.0,-3.2063931289207845,8.700049544762665e-15,1.7936068710792246
0.926,4.990133642141357,-3.1667906355293387,-1.1143875432050552,0.7089554634069629
0.927,4.96057350657239,-3.127063122666022,-2.211200529150801,-0.3776901452444329
0.928,4.911436253643442,-3.087212158705006,-3.2731415618447905,-1.4489174669063543
0.929,4.842915805643158,-3.047239316894124,-4.283463196828379,-2.487786708079344
0.93,4.7552825814757655,-3.007146175292715,-5.2262320583812105,-3.4780956521981596
0.931,4.648882429441262,-2.96693431670937,-6.086580118373569,-4.404632005641678
0.932,4.5241352623300966,-2.9266053286394063,-6.850939173952546,-5.253409240261856
0.933,4.381533400219309,-2.8861608032022135,-7.507254826205591,-6.011882229188495
0.934,4.2216396275100765,-2.8456023370784154,-8.045176585232653,-6.669139294800991
0.935,4.045084971874728,-2.8049315314467944,-8.456221103555112,-7.216067663127178
0.936,3.8525662138789496,-2.76414999192113,-8.733905963572838,-7.645489741615018
0.937,3.6448431371070504,-2.7232593284867614,-8.873851909162518,-7.952268100542229
0.9380000000000001,3.4227355296434494,-2.6822611554370774,-8.873851909162516,-8.133377534956145
0.9390000000000001,3.187119948743443,-2.6411570913097373,-8.733905963572834,-8.187943106139128
0.9400000000000001,2.9389262614623464,-2.5999487588228236,-8.456221103555068,-8.117243600915545
0.9410000000000001,2.6791339748949796,-2.558637784810736,-8.045176585232648,-7.924680395148404
0.9420000000000001,2.4087683705085587,-2.517225800159989,-7.507254826205517,-7.615712255856947
0.9430000000000001,2.1288964578253626,-2.4757144397448383,-6.850939173952537,-7.197757155872012
0.9440000000000001,1.8406227634233743,-2.4341053423627024,-6.086580118373559,-6.680062697312887
0.9450000000000001,1.54508497187474,-2.392400150669512,-5.226232058381201,-6.073547237175973
0.9460000000000001,1.2434494358242612,-2.3506005111148127,-4.283463196828367,-5.390614272118919
0.9470000000000001,0.9369065729286293,-2.3087080738768124,-3.2731415618447786,-4.6449430627929615
0.9480000000000001,0.6266661678215116,-2.266724492797192,-2.211200529150788,-3.8512588541264687
0.9490000000000001,0.31395259764654126,-2.224651425315855,-1.1143875432049166,-3.025086370874231
0.9500000000000001,-6.1294238021026506e-15,-2.1824905324054606,2.1799656285363265e-14,-2.1824905324054447
0.9510000000000001,-0.313952597646589,-2.140243478505863,1.1143875432050854,-1.3398085329473663
0.9520000000000001,-0.6266661678215238,-2.0979119314584236,2.21120052915083,-0.5133775701291172
0.9530000000000001,-0.9369065729286414,-2.055497562440125,3.2731415618448185,0.28073742647605215
0.9540000000000001,-1.2434494358242731,-2.0130020458976423,4.283463196828405,1.0270117151064897
0.9550000000000001,-1.5450849718747515,-1.9704270594811937,5.226232058381236,1.7107200270252911
0.9560000000000001,-1.8406227634233856,-1.9277742839783545,6.086580118373591,2.3181830709718505
0.9570000000000001,-2.1288964578253737,-1.8850454032476558,6.850939173952566,2.836997312879536
0.9580000000000001,-2.4087683705086005,-1.8422421041521577,7.507254826205608,3.25624435154485
0.9590000000000001,-2.6791339748949894,-1.7993660764928114,8.045176585232666,3.566676533844865
0.96,-2.9389262614623566,-1.7564190129417732,8.456221103555082,3.7608758291509514
0.961,-3.1871199487434247,-1.7134026089755692,8.733905963572818,3.8333834058538248
0.962,-3.4227355296434325,-1.670318562808184,8.873851909162513,3.780797816710897
0.963,-3.6448431371070344,-1.627168575323983,8.873851909162523,3.601840196731506
0.964,-3.852566213878934,-1.5839543500105806,8.733905963572854,3.2973853996833378
0.965,-4.045084971874715,-1.5406775928916105,8.456221103555137,2.870458538788812
0.966,-4.221639627510063,-1.4973400124593292,8.045176585232689,2.326196945263296
0.967,-4.381533400219315,-1.453943319607219,7.507254826205568,1.6717781063790336
0.968,-4.524135262330087,-1.4104892275623944,6.850939173952598,0.9163146840601168
0.969,-4.648882429441254,-1.366979451818016,6.086580118373629,0.07071823711435961
0.97,-4.755282581475759,-1.3234157100655173,5.226232058381277,-0.8524662331599991
0.971,-4.842915805643153,-1.2797997221268425,4.283463196828452,-1.8392523309415432
0.972,-4.911436253643437,-1.2361332098864997,3.2731415618448674,-2.8744279016850687
0.973,-4.960573506572388,-1.192417897223636,2.2112005291508807,-3.941790874645143
0.974,-4.990133642141356,-1.148655509943936,1.1143875432051373,-5.024401608880155
0.975,-5.0,-1.1048477757115107,7.405498958000214e-14,-6.104847775711437
0.976,-4.990133642141359,-1.060996423980709,-1.1143875432049903,-7.1655176093270585
0.977,-4.960573506572392,-1.0171031859277995,-2.2112005291507373,-8.188877221650928
0.978,-4.911436253643445,-0.9731697943826748,-3.2731415618447293,-9.15774760987085
0.979,-4.8429158056431625,-0.9291979837603956,-4.283463196828322,-10.055576986231879
0.98,-4.755282581475772,-0.8851894899927654,-5.226232058381158,-10.866704129849696
0.981,-4.648882429441269,-0.8411460504597514,-6.08658011837352,-11.576608598274541
0.982,-4.5241352623301045,-0.7970694039209442,-6.850939173952504,-12.172143840203553
0.983,-4.381533400219318,-0.7529612904468714,-7.507254826205556,-12.641749516871744
0.984,-4.221639627510086,-0.708823451350322,-8.045176585232623,-12.975639664093032
0.985,-4.04508497187474,-0.6646576291176195,-8.456221103555091,-13.165963704547451
0.986,-3.852566213878961,-0.6204655673397895,-8.733905963572825,-13.206937744791576
0.987,-3.6448431371070624,-0.5762490106437743,-8.873851909162513,-13.094944056913349
0.988,-3.4227355296434627,-0.532009704623509,-8.873851909162521,-12.828597143429494
0.989,-3.1871199487434567,-0.48774939577105797,-8.733905963572848,-12.408775308087362
0.99,-2.9389262614623903,-0.44346983140761637,-8.456221103555126,-11.838617196425133
0.991,-2.679133974894995,-0.399172759614579,-8.045176585232674,-11.123483319742249
0.992,-2.408768370508575,-0.3548599291644853,-7.507254826205552,-10.270883125878612
0.993,-2.128896457825379,-0.3105330894519994,-6.850939173952579,-9.290368721229958
0.994,-1.8406227634233914,-0.26619399042486613,-6.086580118373607,-8.193396872221864
0.995,-1.5450849718747575,-0.22184438251478164,-5.226232058381253,-6.9931614127707915
0.996,-1.243449435824279,-0.1774860165683402,-4.283463196828425,-5.7043986492210434
0.997,-0.9369065729286473,-0.1331206437778631,-3.273141561844839,-4.343168778551349
0.998,-0.62666616782153,-0.08875001561231496,-2.2112005291508514,-2.9266167125846962
0.999,-0.31395259764659506,-0.04437588374810856,-1.114387543205107,-1.4727160245998108
